metric,value
conversion_rate,0.43846153846153846
premium_retention_mean,0.4598634352621511
arpu_overall,15115.384615384615
avg_premium_duration,1.5115384615384615
