from_to,premium_users,premium_retention
2023-01→2023-02,126,0.7063492063492064
2023-02→2023-03,96,0.3645833333333333
2023-03→2023-04,102,0.3431372549019608
2023-04→2023-05,142,0.5070422535211268
2023-05→2023-06,156,0.3782051282051282
