month,arpu
2023-01,14538.461538461539
2023-02,11076.923076923076
2023-03,11769.23076923077
2023-04,16384.615384615383
2023-05,18000.0
2023-06,18923.076923076922
